{"charge":{"sounds":["projecte:item/pecharge"],"subtitle":"sound_event.projecte.charge"},"destruct":{"sounds":["projecte:item/pedestruct"],"subtitle":"sound_event.projecte.destruct"},"heal":{"sounds":["projecte:item/peheal"],"subtitle":"sound_event.projecte.heal"},"power":{"sounds":["projecte:item/pepower"],"subtitle":"sound_event.projecte.power"},"transmute":{"sounds":["projecte:item/petransmute"],"subtitle":"sound_event.projecte.transmute"},"uncharge":{"sounds":["projecte:item/peuncharge"],"subtitle":"sound_event.projecte.uncharge"},"watermagic":{"sounds":["projecte:item/pewatermagic"],"subtitle":"sound_event.projecte.watermagic"},"windmagic":{"sounds":["projecte:item/pewindmagic"],"subtitle":"sound_event.projecte.windmagic"}}