{"variants":{"facing=east,lit=false":{"model":"projecte:block/dm_furnace","y":90},"facing=east,lit=true":{"model":"projecte:block/dm_furnace_on","y":90},"facing=north,lit=false":{"model":"projecte:block/dm_furnace"},"facing=north,lit=true":{"model":"projecte:block/dm_furnace_on"},"facing=south,lit=false":{"model":"projecte:block/dm_furnace","y":180},"facing=south,lit=true":{"model":"projecte:block/dm_furnace_on","y":180},"facing=west,lit=false":{"model":"projecte:block/dm_furnace","y":270},"facing=west,lit=true":{"model":"projecte:block/dm_furnace_on","y":270}}}