{"overrides":[{"model":"projecte:item/arcana_zero_off","predicate":{"projecte:active":0.0,"projecte:mode":0.0}},{"model":"projecte:item/arcana_zero_on","predicate":{"projecte:active":1.0,"projecte:mode":0.0}},{"model":"projecte:item/arcana_ignition_off","predicate":{"projecte:active":0.0,"projecte:mode":1.0}},{"model":"projecte:item/arcana_ignition_on","predicate":{"projecte:active":1.0,"projecte:mode":1.0}},{"model":"projecte:item/arcana_harv_off","predicate":{"projecte:active":0.0,"projecte:mode":2.0}},{"model":"projecte:item/arcana_harv_on","predicate":{"projecte:active":1.0,"projecte:mode":2.0}},{"model":"projecte:item/arcana_swrg_off","predicate":{"projecte:active":0.0,"projecte:mode":3.0}},{"model":"projecte:item/arcana_swrg_on","predicate":{"projecte:active":1.0,"projecte:mode":3.0}}]}