{"parent":"minecraft:item/generated","overrides":[{"model":"projecte:item/dm_leggings_quartz_trim","predicate":{"minecraft:trim_type":0.1}},{"model":"projecte:item/dm_leggings_iron_trim","predicate":{"minecraft:trim_type":0.2}},{"model":"projecte:item/dm_leggings_netherite_trim","predicate":{"minecraft:trim_type":0.3}},{"model":"projecte:item/dm_leggings_redstone_trim","predicate":{"minecraft:trim_type":0.4}},{"model":"projecte:item/dm_leggings_copper_trim","predicate":{"minecraft:trim_type":0.5}},{"model":"projecte:item/dm_leggings_gold_trim","predicate":{"minecraft:trim_type":0.6}},{"model":"projecte:item/dm_leggings_emerald_trim","predicate":{"minecraft:trim_type":0.7}},{"model":"projecte:item/dm_leggings_diamond_trim","predicate":{"minecraft:trim_type":0.8}},{"model":"projecte:item/dm_leggings_lapis_trim","predicate":{"minecraft:trim_type":0.9}},{"model":"projecte:item/dm_leggings_amethyst_trim","predicate":{"minecraft:trim_type":1.0}}],"textures":{"layer0":"projecte:item/dm_armor/legs"}}