{"parent":"minecraft:item/generated","overrides":[{"model":"projecte:item/rm_chestplate_quartz_trim","predicate":{"minecraft:trim_type":0.1}},{"model":"projecte:item/rm_chestplate_iron_trim","predicate":{"minecraft:trim_type":0.2}},{"model":"projecte:item/rm_chestplate_netherite_trim","predicate":{"minecraft:trim_type":0.3}},{"model":"projecte:item/rm_chestplate_redstone_trim","predicate":{"minecraft:trim_type":0.4}},{"model":"projecte:item/rm_chestplate_copper_trim","predicate":{"minecraft:trim_type":0.5}},{"model":"projecte:item/rm_chestplate_gold_trim","predicate":{"minecraft:trim_type":0.6}},{"model":"projecte:item/rm_chestplate_emerald_trim","predicate":{"minecraft:trim_type":0.7}},{"model":"projecte:item/rm_chestplate_diamond_trim","predicate":{"minecraft:trim_type":0.8}},{"model":"projecte:item/rm_chestplate_lapis_trim","predicate":{"minecraft:trim_type":0.9}},{"model":"projecte:item/rm_chestplate_amethyst_trim","predicate":{"minecraft:trim_type":1.0}}],"textures":{"layer0":"projecte:item/rm_armor/chest"}}