{"parent":"minecraft:recipes/root","criteria":{"has_aeternalis_fuel_block":{"conditions":{"items":[{"items":["projecte:aeternalis_fuel_block"]}]},"trigger":"minecraft:inventory_changed"},"has_the_recipe":{"conditions":{"recipe":"projecte:conversions/aeternalis_fuel_block_deconstruct"},"trigger":"minecraft:recipe_unlocked"}},"requirements":[["has_aeternalis_fuel_block","has_the_recipe"]],"rewards":{"recipes":["projecte:conversions/aeternalis_fuel_block_deconstruct"]},"sends_telemetry_event":false}