{"parent":"minecraft:recipes/root","criteria":{"has_aeternalis_fuel":{"conditions":{"items":[{"items":["projecte:philosophers_stone"]},{"items":["projecte:aeternalis_fuel"]}]},"trigger":"minecraft:inventory_changed"},"has_the_recipe":{"conditions":{"recipe":"projecte:conversions/aeternalis_fuel_to_mobius_fuel"},"trigger":"minecraft:recipe_unlocked"}},"requirements":[["has_aeternalis_fuel","has_the_recipe"]],"rewards":{"recipes":["projecte:conversions/aeternalis_fuel_to_mobius_fuel"]},"sends_telemetry_event":false}