{"parent":"minecraft:recipes/root","criteria":{"has_alchemical_coal":{"conditions":{"items":[{"items":["projecte:philosophers_stone"]},{"items":["projecte:alchemical_coal"]}]},"trigger":"minecraft:inventory_changed"},"has_the_recipe":{"conditions":{"recipe":"projecte:conversions/alchemical_coal_to_coal"},"trigger":"minecraft:recipe_unlocked"}},"requirements":[["has_alchemical_coal","has_the_recipe"]],"rewards":{"recipes":["projecte:conversions/alchemical_coal_to_coal"]},"sends_telemetry_event":false}