{"parent":"minecraft:recipes/root","criteria":{"has_alchemical_coal_block":{"conditions":{"items":[{"items":["projecte:alchemical_coal_block"]}]},"trigger":"minecraft:inventory_changed"},"has_the_recipe":{"conditions":{"recipe":"projecte:conversions/alchemical_coal_block_deconstruct"},"trigger":"minecraft:recipe_unlocked"}},"requirements":[["has_alchemical_coal_block","has_the_recipe"]],"rewards":{"recipes":["projecte:conversions/alchemical_coal_block_deconstruct"]},"sends_telemetry_event":false}