{"parent":"minecraft:recipes/root","criteria":{"has_mobius_fuel":{"conditions":{"items":[{"items":["projecte:philosophers_stone"]},{"items":["projecte:mobius_fuel"]}]},"trigger":"minecraft:inventory_changed"},"has_the_recipe":{"conditions":{"recipe":"projecte:conversions/mobius_fuel_to_alchemical_coal"},"trigger":"minecraft:recipe_unlocked"}},"requirements":[["has_mobius_fuel","has_the_recipe"]],"rewards":{"recipes":["projecte:conversions/mobius_fuel_to_alchemical_coal"]},"sends_telemetry_event":false}