{"parent":"minecraft:recipes/root","criteria":{"has_harvest":{"conditions":{"items":[{"items":["projecte:harvest_goddess_band"]}]},"trigger":"minecraft:inventory_changed"},"has_ignition":{"conditions":{"items":[{"items":["projecte:ignition_ring"]}]},"trigger":"minecraft:inventory_changed"},"has_matter":{"conditions":{"items":[{"items":["projecte:red_matter"]}]},"trigger":"minecraft:inventory_changed"},"has_swrg":{"conditions":{"items":[{"items":["projecte:swiftwolf_rending_gale"]}]},"trigger":"minecraft:inventory_changed"},"has_the_recipe":{"conditions":{"recipe":"projecte:arcana_ring"},"trigger":"minecraft:recipe_unlocked"},"has_zero":{"conditions":{"items":[{"items":["projecte:zero_ring"]}]},"trigger":"minecraft:inventory_changed"}},"requirements":[["has_swrg","has_harvest","has_ignition","has_zero","has_matter","has_the_recipe"]],"rewards":{"recipes":["projecte:arcana_ring"]},"sends_telemetry_event":false}