{"parent":"minecraft:block/block","elements":[{"faces":{"down":{"texture":"#chest","uv":[3.5,8.3,7.0,4.7]},"east":{"texture":"#chest","uv":[7.0,10.65,10.5,8.25]},"north":{"texture":"#chest","uv":[10.5,10.65,14.0,8.25]},"south":{"texture":"#chest","uv":[3.5,10.65,7.0,8.25]},"up":{"texture":"#chest","uv":[7.0,8.2,10.5,4.8]},"west":{"texture":"#chest","uv":[0.0,10.7,3.5,8.3]}},"from":[1,0,1],"to":[15,10,15]},{"faces":{"down":{"texture":"#chest","uv":[3.5,3.5,7.0,0.0]},"east":{"texture":"#chest","uv":[7.0,4.7,10.5,3.5]},"north":{"texture":"#chest","uv":[10.5,4.65,14.0,3.5]},"south":{"texture":"#chest","uv":[3.5,4.7,7.0,3.5]},"up":{"texture":"#chest","uv":[7.0,3.5,10.5,0.0]},"west":{"texture":"#chest","uv":[0.0,4.7,3.5,3.5]}},"from":[1,10,1],"to":[15,15,15]},{"faces":{"down":{"texture":"#chest","uv":[0.75,0.25,1.25,0.0]},"east":{"texture":"#chest","uv":[1.25,1.25,1.5,0.25]},"north":{"texture":"#chest","uv":[0.75,1.25,0.25,0.25]},"south":{"texture":"#chest","uv":[0.75,1.25,1.25,0.25]},"up":{"texture":"#chest","uv":[0.25,0.25,0.75,0.0]},"west":{"texture":"#chest","uv":[0.0,1.25,0.25,0.25]}},"from":[7,8,0],"to":[9,12,1]}]}