{"parent":"minecraft:block/block","elements":[{"faces":{"down":{"cullface":"down","texture":"#bottom"},"east":{"cullface":"east","texture":"#side"},"north":{"cullface":"north","texture":"#side"},"south":{"cullface":"south","texture":"#side"},"up":{"texture":"#top"},"west":{"cullface":"west","texture":"#side"}},"from":[0,0,0],"to":[16,4,16]}],"textures":{"bottom":"projecte:block/transmutation_stone/bottom","particle":"projecte:block/transmutation_stone/top","side":"projecte:block/transmutation_stone/side","top":"projecte:block/transmutation_stone/top"}}